source,author,title,description,url,urlToImage,publishedAt,content,text,text_cleaned,sentiment,sentiment_label,confidence
"{'id': 'wired', 'name': 'Wired'}",Will Knight,"Under Trump, AI Scientists Are Told to Remove ‘Ideological Bias’ From Powerful Models",A directive from the National Institute of Standards and Technology eliminates mention of “AI safety” and “AI fairness.”,https://www.wired.com/story/ai-safety-institute-new-directive-america-first/,"https://media.wired.com/photos/67c77508ad19f713de02a563/191:100/w_1280,c_limit/trump-pointing-2202608030.jpg",2025-03-14T23:29:46Z,The National Institute of Standards and Technology (NIST) has issued new instructions to scientists that partner with the US Artificial Intelligence Safety Institute (AISI) that eliminate mention of … [+3395 chars],"Under Trump, AI Scientists Are Told to Remove ‘Ideological Bias’ From Powerful Models A directive from the National Institute of Standards and Technology eliminates mention of “AI safety” and “AI fairness.”",trump ai scientist told remove ideological bias powerful model directive national institute standard technology eliminates mention ai safety ai fairness,0,Bad News,0.6363581947426435
"{'id': None, 'name': 'Gizmodo.com'}",AJ Dellinger,Google Is Developing Technology to Deliver Internet Via Light Bridges,Taara is the latest moonshot out of Alphabet’s X lab.,https://gizmodo.com/google-is-developing-technology-to-deliver-internet-via-light-bridges-2000570215,https://gizmodo.com/app/uploads/2024/09/Google.jpg,2025-02-28T21:40:09Z,"Google just had a lightbulb moment, and it might move internet access out of the (literal) dark ages. Over at the company’s moonshot factory X, researchers have developed a chip that they believe sho… [+2742 chars]",Google Is Developing Technology to Deliver Internet Via Light Bridges Taara is the latest moonshot out of Alphabet’s X lab.,google developing technology deliver internet via light bridge taara latest moonshot alphabet lab,0,Bad News,0.83569000300475
"{'id': 'wired', 'name': 'Wired'}",Alden Wicker,The World Is in a Polyester Crisis. One Company Is Trying to Recycle a Way Out,The European company Reju may have developed the polyester recycling technology the textile industry needs. The question is whether the world is ready for it.,https://www.wired.com/story/reju-polyester-recycling/,"https://media.wired.com/photos/67b60d747c5f6923e99e93aa/191:100/w_1280,c_limit/reju4.jpg",2025-02-21T12:00:00Z,"Im on an overnight flight from New York to Frankfurt, Germany, and the accoutrements given to me in business class have a sustainable sheen. Both the polyester blanket and polyester flight kit proudl… [+3048 chars]",The World Is in a Polyester Crisis. One Company Is Trying to Recycle a Way Out The European company Reju may have developed the polyester recycling technology the textile industry needs. The question is whether the world is ready for it.,world polyester crisis one company trying recycle way european company reju may developed polyester recycling technology textile industry need question whether world ready,0,Bad News,0.5420761527225944
"{'id': 'the-verge', 'name': 'The Verge'}",Sean Hollister,Hope you weren’t planning to play PhysX games on Nvidia’s new 50-series GPUs,"Remember PhysX, the GPU-accelerated technology that let games realistically simulate destructible cloth, shattering glass, moving liquids, smoke, fog, and other particle effects? It only ever got deployed in a few dozen games — but with PhysX turned on, those…",https://www.theverge.com/news/615768/nvidia-rtx-5090-5080-5070-drop-physx-support-32-bit,"https://platform.theverge.com/wp-content/uploads/sites/2/2025/02/nvidia-way-meant-to-be-played.jpg?quality=90&strip=all&crop=3.4,7.8890447979368,95.4,74.921765089356",2025-02-19T20:40:31Z,"Nvidias new video cards drop support for 32-bit CUDA applications, including PhysX.
Nvidias new video cards drop support for 32-bit CUDA applications, including PhysX.
Remember PhysX, the GPU-accel… [+2812 chars]","Hope you weren’t planning to play PhysX games on Nvidia’s new 50-series GPUs Remember PhysX, the GPU-accelerated technology that let games realistically simulate destructible cloth, shattering glass, moving liquids, smoke, fog, and other particle effects? It only ever got deployed in a few dozen games — but with PhysX turned on, those…",hope werent planning play physx game nvidias new series gpus remember physx gpuaccelerated technology let game realistically simulate destructible cloth shattering glass moving liquid smoke fog particle effect ever got deployed dozen game physx turned,1,Good News,0.5055038540316994
"{'id': 'the-verge', 'name': 'The Verge'}",Umar Shakir,AMD is launching its latest Ryzen 9 X3D gaming processors on March 12th,"AMD is announcing that its latest gaming-oriented Ryzen 9 9950X3D and 9900X3D processors will be available next week. The new chips improve on the 9800X3D, which is widely considered as the best gaming CPU. The new ones feature 16 Zen 5 cores and second-gener…",https://www.theverge.com/news/625984/amd-ryzen-9-x3d-9950-9900-16-zen-5-cores-launch,"https://platform.theverge.com/wp-content/uploads/sites/2/2025/03/acastro_STK081_amd_02.jpg.webp?quality=90&strip=all&crop=0,10.654292878952,100,78.691414242097",2025-03-07T17:15:01Z,"AMD is announcing that its latest gaming-oriented Ryzen 9 9950X3D and 9900X3D processors will be available next week. The new chips improve on the 9800X3D, which is widely considered as the best gami… [+957 chars]","AMD is launching its latest Ryzen 9 X3D gaming processors on March 12th AMD is announcing that its latest gaming-oriented Ryzen 9 9950X3D and 9900X3D processors will be available next week. The new chips improve on the 9800X3D, which is widely considered as the best gaming CPU. The new ones feature 16 Zen 5 cores and second-gener…",amd launching latest ryzen xd gaming processor march th amd announcing latest gamingoriented ryzen xd xd processor available next week new chip improve xd widely considered best gaming cpu new one feature zen core secondgener,1,Good News,0.6887289873116024
"{'id': 'the-verge', 'name': 'The Verge'}",Andrew Liszewski,LG’s new air conditioner directs cool air towards people it detects.,"The Artcool AI Air doesn’t look as artsy as LG’s previous Artcool air conditioners, but it does offer improved energy efficiency by detecting the room’s layout and the position of its occupants so it can direct airflow right to them. The company hasn’t announ…",https://www.theverge.com/news/626065/lg-artcool-ai-air-conditioner-room-occupant-sensing,https://platform.theverge.com/wp-content/uploads/sites/2/2025/03/lg_artcool_1.jpg?quality=90&strip=all&crop=0%2C10.723150329831%2C100%2C78.553699340338&w=1200,2025-03-07T18:50:13Z,"The Artcool AI Air doesn’t look as artsy as LG’s previous Artcool air conditioners, but it does offer improved energy efficiency by detecting the room’s layout and the position of its occupants so it… [+246 chars]","LG’s new air conditioner directs cool air towards people it detects. The Artcool AI Air doesn’t look as artsy as LG’s previous Artcool air conditioners, but it does offer improved energy efficiency by detecting the room’s layout and the position of its occupants so it can direct airflow right to them. The company hasn’t announ…",lgs new air conditioner directs cool air towards people detects artcool ai air doesnt look artsy lgs previous artcool air conditioner offer improved energy efficiency detecting room layout position occupant direct airflow right company hasnt announ,0,Bad News,0.6559221596924742
"{'id': 'the-verge', 'name': 'The Verge'}",Umar Shakir,FCC chair says we’re too dependent on GPS and wants to explore ‘alternatives’,"The Federal Communications Commission (FCC) plans to vote on an inquiry to explore alternatives to GPS, FCC chair Brendan Carr says in a blog post. Carr says that while GPS has been “indispensable,” the technology “isn’t infallible” and that “disruptions to G…",https://www.theverge.com/news/625671/fcc-vote-gps-911-technologies-inquiry,https://platform.theverge.com/wp-content/uploads/sites/2/2025/02/Image-Cath-Virginia-_-The-Verge-Getty-Images.jpg?quality=90&strip=all&crop=0%2C10.732984293194%2C100%2C78.534031413613&w=1200,2025-03-06T22:46:31Z,"FCC chair Brendan Carr says relying heavily on GPS leaves us exposed.
FCC chair Brendan Carr says relying heavily on GPS leaves us exposed.
The Federal Communications Commission (FCC) plans to vote… [+1179 chars]","FCC chair says we’re too dependent on GPS and wants to explore ‘alternatives’ The Federal Communications Commission (FCC) plans to vote on an inquiry to explore alternatives to GPS, FCC chair Brendan Carr says in a blog post. Carr says that while GPS has been “indispensable,” the technology “isn’t infallible” and that “disruptions to G…",fcc chair say dependent gps want explore alternative federal communication commission fcc plan vote inquiry explore alternative gps fcc chair brendan carr say blog post carr say gps indispensable technology isnt infallible disruption,0,Bad News,0.7186166869227563
"{'id': 'the-verge', 'name': 'The Verge'}",Jay Peters,Here’s a new trailer for the ambitious survival game from PUBG’s creator,"PlayerUnknown Productions, the studio from PUBG creator Brendan Greene (aka PlayerUnknown), has shared a gameplay trailer for Prologue: Go Wayback!, a single-player survival game that’s launching in early access on Steam this year. The studio previously share…",https://www.theverge.com/news/620988/playerunknown-productions-prologue-go-wayback-trailer,https://platform.theverge.com/wp-content/uploads/sites/2/2025/02/Screenshot-2025-29-01-73.png?quality=90&strip=all&crop=0%2C3.4613147178592%2C100%2C93.077370564282&w=1200,2025-02-27T18:44:02Z,"The game looks like it will feature gorgeous wooded areas.
The game looks like it will feature gorgeous wooded areas.
PlayerUnknown Productions, the studio from PUBG creator Brendan Greene (aka Pla… [+893 chars]","Here’s a new trailer for the ambitious survival game from PUBG’s creator PlayerUnknown Productions, the studio from PUBG creator Brendan Greene (aka PlayerUnknown), has shared a gameplay trailer for Prologue: Go Wayback!, a single-player survival game that’s launching in early access on Steam this year. The studio previously share…",here new trailer ambitious survival game pubgs creator playerunknown production studio pubg creator brendan greene aka playerunknown shared gameplay trailer prologue go wayback singleplayer survival game thats launching early access steam year studio previously share,0,Bad News,0.5896893980501521
"{'id': 'the-verge', 'name': 'The Verge'}","Sean Hollister, Jay Peters",Hear what Horizon Zero Dawn actor Ashly Burch thinks about AI taking her job,"Ashly Burch, the award-winning voice and performance actor behind Horizon Zero Dawn’s Aloy — one of the most prominent characters on PlayStation today — has some news and some very strong thoughts about the leaked Sony experiment that saw her character voiced…",https://www.theverge.com/news/630176/ashly-burch-sony-ai-horizon-aloy-tech-demo-sag-aftra-strike,https://platform.theverge.com/wp-content/uploads/sites/2/2025/03/gettyimages-2196456912.jpg?quality=90&strip=all&crop=0%2C12.762431762156%2C100%2C74.475136475688&w=1200,2025-03-14T22:07:13Z,"Ashly Burch, the award-winning voice and performance actor behind Horizon Zero Dawn’s Aloy — one of the most prominent characters on PlayStation today — has some news and some very strong thoughts ab… [+3400 chars]","Hear what Horizon Zero Dawn actor Ashly Burch thinks about AI taking her job Ashly Burch, the award-winning voice and performance actor behind Horizon Zero Dawn’s Aloy — one of the most prominent characters on PlayStation today — has some news and some very strong thoughts about the leaked Sony experiment that saw her character voiced…",hear horizon zero dawn actor ashly burch think ai taking job ashly burch awardwinning voice performance actor behind horizon zero dawn aloy one prominent character playstation today news strong thought leaked sony experiment saw character voiced,1,Good News,0.5408991064940242
"{'id': 'the-verge', 'name': 'The Verge'}",Khee Hoon Chan,Lost Records: Bloom & Rage blends its teen drama with a heavy dose of ’90s nostalgia,"The fuzz of the cathode-ray tube (CRT) monitor, alongside static grains and flickering scanlines, is a touchstone for â90s-era nostalgia. Itâs shorthand for those halcyon days when technology was predominantly analog and millennial kids spent their summer…",https://www.theverge.com/games-review/617336/lost-records-bloom-and-rage-review,https://platform.theverge.com/wp-content/uploads/sites/2/2025/02/BR_Screenshot-3.jpg?quality=90&strip=all&crop=0%2C3.4613147178592%2C100%2C93.077370564282&w=1200,2025-02-21T22:12:06Z,"Lost Records: Bloom &amp; Rage blends its teen drama with a heavy dose of 90s nostalgia
The latest from Life is Strange studio Dont Nod is a time-spanning adventure about connecting with old friends… [+7476 chars]","Lost Records: Bloom & Rage blends its teen drama with a heavy dose of ’90s nostalgia The fuzz of the cathode-ray tube (CRT) monitor, alongside static grains and flickering scanlines, is a touchstone for â90s-era nostalgia. Itâs shorthand for those halcyon days when technology was predominantly analog and millennial kids spent their summer…",lost record bloom rage blend teen drama heavy dose nostalgia fuzz cathoderay tube crt monitor alongside static grain flickering scanlines touchstone asera nostalgia itas shorthand halcyon day technology predominantly analog millennial kid spent summer,0,Bad News,0.7041006308892868
"{'id': 'the-verge', 'name': 'The Verge'}",Allison Johnson,Android 16 is getting a major hearing accessibility feature,"Android phones will soon support Auracast with Bluetooth LE hearing aids, letting people tune in to audio broadcasts in places where it’s otherwise hard to hear. Auracast is a Bluetooth Audio LE feature, and it allows one broadcaster to connect to a virtually…",https://www.theverge.com/tech/628533/android-16-auracast-hearing-aid-support,https://platform.theverge.com/wp-content/uploads/sites/2/chorus/uploads/chorus_asset/file/24007892/acastro_STK112_android_01.jpg?quality=90&strip=all&crop=0%2C10.732984293194%2C100%2C78.534031413613&w=1200,2025-03-13T16:00:15Z,"Auracast will give people who use hearing aids a little extra clarity.
Auracast will give people who use hearing aids a little extra clarity.
Android phones will soon support Auracast with Bluetoot… [+1443 chars]","Android 16 is getting a major hearing accessibility feature Android phones will soon support Auracast with Bluetooth LE hearing aids, letting people tune in to audio broadcasts in places where it’s otherwise hard to hear. Auracast is a Bluetooth Audio LE feature, and it allows one broadcaster to connect to a virtually…",android getting major hearing accessibility feature android phone soon support auracast bluetooth le hearing aid letting people tune audio broadcast place otherwise hard hear auracast bluetooth audio le feature allows one broadcaster connect virtually,0,Bad News,0.5506569153669989
"{'id': 'the-verge', 'name': 'The Verge'}",Dominic Preston,Xiaomi Buds 5 Pro are the first to deliver on Qualcomm’s promise of Wi-Fi earbuds,"Xiaomi has given a European launch to its Buds 5 Pro, the first earbuds to use Qualcomm’s S7 Pro chip to stream audio over Wi-Fi, in addition to Bluetooth, with no increase in power consumption. Qualcomm announced the technology in October 2023, and this is t…",https://www.theverge.com/news/622452/xiaomi-buds-5-pro-are-the-first-to-deliver-on-qualcomms-promise-of-wi-fi-earbuds,https://platform.theverge.com/wp-content/uploads/sites/2/2025/03/Screenshot-2025-03-02-at-8.48.53%E2%80%AFAM.png?quality=90&strip=all&crop=0%2C9.1974026733745%2C100%2C81.605194653251&w=1200,2025-03-02T14:03:57Z,"They even have better battery life than the Bluetooth model.
They even have better battery life than the Bluetooth model.
Xiaomi has given a European launch to its Buds 5 Pro, the first earbuds to … [+2156 chars]","Xiaomi Buds 5 Pro are the first to deliver on Qualcomm’s promise of Wi-Fi earbuds Xiaomi has given a European launch to its Buds 5 Pro, the first earbuds to use Qualcomm’s S7 Pro chip to stream audio over Wi-Fi, in addition to Bluetooth, with no increase in power consumption. Qualcomm announced the technology in October 2023, and this is t…",xiaomi bud pro first deliver qualcomms promise wifi earbuds xiaomi given european launch bud pro first earbuds use qualcomms pro chip stream audio wifi addition bluetooth increase power consumption qualcomm announced technology october,0,Bad News,0.6364284604057044
"{'id': 'the-verge', 'name': 'The Verge'}",Tom Warren,Sony is experimenting with AI-powered PlayStation characters,Sony is working on a prototype AI-powered version of at least one its PlayStation game characters. An anonymous tipster has shared an internal video from Sony’s PlayStation group with The Verge that demonstrates an AI-powered version of Aloy from Horizon Forb…,https://www.theverge.com/news/626695/sony-playstation-ai-characters-aloy-horizon-forbidden-west-prototype,https://platform.theverge.com/wp-content/uploads/sites/2/2025/02/acastro_STK097_01.jpg?quality=90&strip=all&crop=0%2C10.732984293194%2C100%2C78.534031413613&w=1200,2025-03-10T19:08:20Z,"Sonys advanced technology group has created an AI-powered version of Aloy from PlayStations Horizon games.
Sonys advanced technology group has created an AI-powered version of Aloy from PlayStations… [+3464 chars]",Sony is experimenting with AI-powered PlayStation characters Sony is working on a prototype AI-powered version of at least one its PlayStation game characters. An anonymous tipster has shared an internal video from Sony’s PlayStation group with The Verge that demonstrates an AI-powered version of Aloy from Horizon Forb…,sony experimenting aipowered playstation character sony working prototype aipowered version least one playstation game character anonymous tipster shared internal video sonys playstation group verge demonstrates aipowered version aloy horizon forb,0,Bad News,0.6232106317412991
"{'id': None, 'name': 'BBC News'}",,The unexpected knock-on effect of Trump's minerals 'deal of the century',"The president once derided attempts to develop new green technology as a ""green new scam"" - but his deal could help boost the US's potential in the sector",https://www.bbc.com/news/articles/c30mjedjzgpo,https://ichef.bbci.co.uk/news/1024/branded_news/e08e/live/7b06d6b0-001e-11f0-a8b1-950887ddc6e5.png,2025-03-14T01:26:54Z,"Donald Trump's arrival to the White House is a ""a major blow to global climate action"". So said Christiana Figueres, the former UN climate chief, after he was elected for a second term in November.
… [+10864 chars]","The unexpected knock-on effect of Trump's minerals 'deal of the century' The president once derided attempts to develop new green technology as a ""green new scam"" - but his deal could help boost the US's potential in the sector",unexpected knockon effect trump mineral deal century president derided attempt develop new green technology green new scam deal could help boost us potential sector,1,Good News,0.7060417993682575
"{'id': None, 'name': 'MacRumors'}",Juli Clover,Apple Releases Safari Technology Preview 214 With Bug Fixes and Performance Improvements,"Apple today released a new update for Safari Technology Preview, the experimental browser that was first introduced in March 2016. Apple designed ‌Safari Technology Preview‌ to allow users to test features that are planned for future release versions of the S…",https://www.macrumors.com/2025/02/27/apple-releases-safari-technology-preview-214/,https://images.macrumors.com/t/gSfA9gdPJTtAYv_7hjK9YByevcM=/2500x/article-new/2024/07/Safari-Technology-Preview-Updated-Feature-1.jpg,2025-02-27T23:23:01Z,"Apple today released a new update for Safari Technology Preview, the experimental browser that was first introduced in March 2016. Apple designed ‌Safari Technology Preview‌ to allow users to test fe… [+968 chars]","Apple Releases Safari Technology Preview 214 With Bug Fixes and Performance Improvements Apple today released a new update for Safari Technology Preview, the experimental browser that was first introduced in March 2016. Apple designed ‌Safari Technology Preview‌ to allow users to test features that are planned for future release versions of the S…",apple release safari technology preview bug fix performance improvement apple today released new update safari technology preview experimental browser first introduced march apple designed safari technology preview allow user test feature planned future release version,0,Bad News,0.6570468320745304
"{'id': 'wired', 'name': 'Wired'}",Will Knight,Google’s Gemini Robotics AI Model Reaches Into the Physical World,Google has developed an AI model that gives humanoids and other robots more intelligence—and a tool designed to give them a moral compass too.,https://www.wired.com/story/googles-gemini-robotics-ai-model-that-reaches-into-the-physical-world/,"https://media.wired.com/photos/67d0b92319779314eea39870/191:100/w_1280,c_limit/AI-Lab-Google-Robotics-Arm-Business.jpg",2025-03-12T15:00:00Z,"Google said at its briefing that it is currently collaborating with a number of robotics companies, including Agility Robotics and Boston Dynamics, which make legged robots, and Enchanted Tools, whic… [+2299 chars]",Google’s Gemini Robotics AI Model Reaches Into the Physical World Google has developed an AI model that gives humanoids and other robots more intelligence—and a tool designed to give them a moral compass too.,google gemini robotics ai model reach physical world google developed ai model give humanoid robot intelligenceand tool designed give moral compass,0,Bad News,0.6094380624672433
"{'id': 'wired', 'name': 'Wired'}",Ryan Waniata,Sony’s Dazzling New RGB LED TV Comes in 2026,Sony’s incoming RGB tech joins Hisense and Samsung in the race to define the future of LED TVs.,https://www.wired.com/story/sony-rgb-led-tv/,"https://media.wired.com/photos/67d1dc29e3dd1d52d70b1013/191:100/w_1280,c_limit/Sony-RGB-LED-TV-(Color%20Volume%20benefit%20before%20and%20after)-SOURCE-Sony.jpg",2025-03-13T16:45:47Z,"LED TVs are about to get a lot better. As demonstrated by Hisense and to some extent Samsung at CES 2025, a new backlight technology called RGB LED is poised to improve the quality and efficiency of … [+2714 chars]",Sony’s Dazzling New RGB LED TV Comes in 2026 Sony’s incoming RGB tech joins Hisense and Samsung in the race to define the future of LED TVs.,sonys dazzling new rgb led tv come sonys incoming rgb tech join hisense samsung race define future led tv,0,Bad News,0.5107775951607103
"{'id': 'wired', 'name': 'Wired'}",Zeyi Yang,Chinese Companies Rush to Put DeepSeek in Everything,"From video game developers to a nuclear power plant, companies across China are adopting DeepSeek’s AI models to boost stock prices and flaunt their national pride.",https://www.wired.com/story/deepseek-china-nationalism/,"https://media.wired.com/photos/67c5f5496e5120fc90d42211/191:100/w_1280,c_limit/China-DeepSeek-AI-Business-2197000260.jpg",2025-03-12T10:00:00Z,"A mobile shooting game developed by Tencent is using DeepSeek to power an in-game assistant that can, among other things, give players fortune-telling readers about whether they are going to have a g… [+3020 chars]","Chinese Companies Rush to Put DeepSeek in Everything From video game developers to a nuclear power plant, companies across China are adopting DeepSeek’s AI models to boost stock prices and flaunt their national pride.",chinese company rush put deepseek everything video game developer nuclear power plant company across china adopting deepseeks ai model boost stock price flaunt national pride,0,Bad News,0.6256610131557281
"{'id': 'the-verge', 'name': 'The Verge'}",Verge Press Room,The Verge hires Tina Nguyen as senior reporter to cover the Trump administration,"Tina Nguyen is joining The Verge as a senior reporter, covering the Trump administration, Elon Muskâs takeover of the federal government, and the tech industryâs embrace of the MAGA movement. Nguyen joins The Verge from Puck, where she was a founding part…",https://www.theverge.com/press-room/621557/tina-nguyen-joins-verge,https://platform.theverge.com/wp-content/uploads/sites/2/2025/02/Tina_Portrait-_Horiz.jpg?quality=90&strip=all&crop=0%2C10.732984293194%2C100%2C78.534031413613&w=1200,2025-02-28T19:15:04Z,"Nguyen will cover the tech industrys embrace of the MAGA movement.
Nguyen will cover the tech industrys embrace of the MAGA movement.
Tina Nguyen is joining The Verge as a senior reporter, covering… [+3522 chars]","The Verge hires Tina Nguyen as senior reporter to cover the Trump administration Tina Nguyen is joining The Verge as a senior reporter, covering the Trump administration, Elon Muskâs takeover of the federal government, and the tech industryâs embrace of the MAGA movement. Nguyen joins The Verge from Puck, where she was a founding part…",verge hire tina nguyen senior reporter cover trump administration tina nguyen joining verge senior reporter covering trump administration elon muskas takeover federal government tech industryas embrace maga movement nguyen join verge puck founding part,0,Bad News,0.5833400710236085
"{'id': 'the-verge', 'name': 'The Verge'}",Jess Weatherbed,Apple will soon support encrypted RCS messaging with Android users,iPhone and Android users will be able to exchange end-to-end encrypted (E2EE) RCS messages in the near future thanks to newly updated RCS specifications. The GSM Association announced that the latest RCS standard includes E2EE based on the Messaging Layer Sec…,https://www.theverge.com/news/629620/apple-iphone-e2ee-encryption-rcs-messaging-android,https://platform.theverge.com/wp-content/uploads/sites/2/2025/02/STK071_APPLE_B.jpg?quality=90&strip=all&crop=0%2C10.732984293194%2C100%2C78.534031413613&w=1200,2025-03-14T10:05:04Z,"We will add support for end-to-end encrypted RCS messages to iOS, iPadOS, macOS, and watchOS in future software updates.
We will add support for end-to-end encrypted RCS messages to iOS, iPadOS, mac… [+1748 chars]",Apple will soon support encrypted RCS messaging with Android users iPhone and Android users will be able to exchange end-to-end encrypted (E2EE) RCS messages in the near future thanks to newly updated RCS specifications. The GSM Association announced that the latest RCS standard includes E2EE based on the Messaging Layer Sec…,apple soon support encrypted rcs messaging android user iphone android user able exchange endtoend encrypted eee rcs message near future thanks newly updated rcs specification gsm association announced latest rcs standard includes eee based messaging layer sec,1,Good News,0.6481803034648987
"{'id': None, 'name': 'Yahoo Entertainment'}",Reuters Videos,Cellphone deepfake detection technology unveiled at MWC,"STORY: :: Barcelona, SpainIt's a new line of defense against the rising prevalence of deepfakes.:: March 2, 2025All built into a mobile phone, one artificial...",https://finance.yahoo.com/video/cellphone-deepfake-detection-technology-unveiled-142431681.html,https://media.zenfs.com/en/video.reutersnews.com/5ca3e3f24f0791a7a7f6f3e262199c8c,2025-03-03T14:24:31Z,"STORY: :: Barcelona, Spain
It's a new line of defense against the rising prevalence of deepfakes.
:: March 2, 2025
All built into a mobile phone, one artificial intelligence claims it can snuff ou… [+1055 chars]","Cellphone deepfake detection technology unveiled at MWC STORY: :: Barcelona, SpainIt's a new line of defense against the rising prevalence of deepfakes.:: March 2, 2025All built into a mobile phone, one artificial...",cellphone deepfake detection technology unveiled mwc story barcelona spainits new line defense rising prevalence deepfakes march built mobile phone one artificial,0,Bad News,0.7152155492089397
"{'id': 'wired', 'name': 'Wired'}",Kat Merck,"GHD’s Chronos Max Review: High Tech, Not High Heat","This new wide-plate straightening iron has only one temperature setting, but that’s not necessarily a bad thing.",https://www.wired.com/review/ghd-chronos-max-hair-straightener/,"https://media.wired.com/photos/67cc8e3ff03aeba6ea4a8208/191:100/w_1280,c_limit/GHD-Chronos-Max-Hair-Straightener-Abstract-Background-032025-SOURCE-Nordstrom.jpg",2025-03-09T12:32:00Z,"A too-high heat, like 450 degrees, can damage the hair strand's internal structure; the lowest setting damages the hair's cuticle layer without creating a long-lasting style. GHD has found the perfec… [+3199 chars]","GHD’s Chronos Max Review: High Tech, Not High Heat This new wide-plate straightening iron has only one temperature setting, but that’s not necessarily a bad thing.",ghds chronos max review high tech high heat new wideplate straightening iron one temperature setting thats necessarily bad thing,0,Bad News,0.6547029524001262
"{'id': None, 'name': 'VentureBeat'}",Imran Khan,"Insomniac’s VR titles delisted, casting a shadow over the technology","Insomniac's VR games are no longer for sale, suggesting that the VR market in particular may not be a welcome technology for older titles to thrive.",https://venturebeat.com/games/insomniacs-vr-titles-delisted-casting-a-shadow-over-the-technology/,https://venturebeat.com/wp-content/uploads/2025/03/edgeofnowhere.jpg?w=1024?w=1200&strip=all,2025-03-03T22:59:56Z,"Before they became tied to the Spider-Man series of games and subsequently acquired to become a part of PlayStation Worldwide Studios, Burbank-based Insomniac Games dabbled in VR titles like The Edge… [+2669 chars]","Insomniac’s VR titles delisted, casting a shadow over the technology Insomniac's VR games are no longer for sale, suggesting that the VR market in particular may not be a welcome technology for older titles to thrive.",insomniac vr title delisted casting shadow technology insomniac vr game longer sale suggesting vr market particular may welcome technology older title thrive,1,Good News,0.5303613634405605
"{'id': 'business-insider', 'name': 'Business Insider'}",kbaker@insider.com (Kelsey Baker),Top general warns Marines that their cellphones could get them killed in new video pointing out Russian catastrophes,"""The character of war continues to change,"" the general said. ""The proliferation of technology has made signature management essential.""",https://www.businessinsider.com/marine-general-warns-troops-cellphones-could-get-them-killed-video-2025-3,https://i.insider.com/67d9e378585f1dff88b285f7?width=1200&format=jpeg,2025-03-18T21:53:56Z,"The Marine Corps' top general sent a video reminder out to the force this week, cautioning troops that battlefield cellphone usage can have deadly consequences. It points to Russian disasters in Ukra… [+3525 chars]","Top general warns Marines that their cellphones could get them killed in new video pointing out Russian catastrophes ""The character of war continues to change,"" the general said. ""The proliferation of technology has made signature management essential.""",top general warns marine cellphone could get killed new video pointing russian catastrophe character war continues change general said proliferation technology made signature management essential,0,Bad News,0.6534998181439823
"{'id': 'wired', 'name': 'Wired'}",Javier Carbajal,A Private Space Mission Just Successfully Landed on the Moon for the First Time,"Firefly Aerospace’s Blue Ghost Mission 1 has touched down successfully, and marks a key milestone in NASA’s quest to have private companies deliver shipments of equipment to the lunar surface.",https://www.wired.com/story/a-private-space-mission-has-successfully-landed-on-the-moon-for-the-first-time-blue-ghost-firefly-aerospace/,"https://media.wired.com/photos/67c5d61b6e5120fc90d421e4/191:100/w_1280,c_limit/54359866846_4937eb703f_k.jpg",2025-03-03T18:52:22Z,"With its Blue Ghost lunar module, Texas-based Firefly Aerospace has just achieved what no other private company, anywhere in the world, has ever accomplished: successfully landing on the surface of t… [+1964 chars]","A Private Space Mission Just Successfully Landed on the Moon for the First Time Firefly Aerospace’s Blue Ghost Mission 1 has touched down successfully, and marks a key milestone in NASA’s quest to have private companies deliver shipments of equipment to the lunar surface.",private space mission successfully landed moon first time firefly aerospace blue ghost mission touched successfully mark key milestone nasa quest private company deliver shipment equipment lunar surface,0,Bad News,0.6526418380815151
"{'id': None, 'name': 'Harvard Business Review'}","Doug J. Chung, Candace Lun Plotkin, Siamak Sarvari, Jennifer Stanley, Maria Valdivieso",5 Gen AI Myths Holding Sales and Marketing Teams Back,Myth 1: The technology is only useful at the initial stages of identifying customers.,https://hbr.org/2025/02/5-gen-ai-myths-holding-sales-and-marketing-teams-back,https://hbr.org/resources/images/article_assets/2025/02/Feb25_21_1292706054.jpg,2025-02-21T15:00:00Z,"New and disruptive technologies often generate both excitement and anxiety, and generative artificial intelligence (gen AI) is no exception. In marketing and sales, the buzz around gen AI is particul… [+335 chars]",5 Gen AI Myths Holding Sales and Marketing Teams Back Myth 1: The technology is only useful at the initial stages of identifying customers.,gen ai myth holding sale marketing team back myth technology useful initial stage identifying customer,0,Bad News,0.5721675070907779
"{'id': 'the-verge', 'name': 'The Verge'}",Justine Calma,"Carbon removal is the next big fossil fuel boom, oil company says","Occidental, the oil giant that has tried to fashion itself as a climate tech leader, is being real clear now about capturing carbon dioxide emissions, which it sees as the next big thing for fossil fuel production. That shouldn’t be surprising coming from a p…",https://www.theverge.com/news/616662/carbon-removal-dac-oil-gas-occidental,https://platform.theverge.com/wp-content/uploads/sites/2/2025/02/gettyimages-2167612292.jpg?quality=90&strip=all&crop=0%2C10.732984293194%2C100%2C78.534031413613&w=1200,2025-02-20T22:33:06Z,"Occidental Petroleum is just saying the quiet part out loud now instead of pretending to prioritize climate change.
Occidental Petroleum is just saying the quiet part out loud now instead of pretend… [+4851 chars]","Carbon removal is the next big fossil fuel boom, oil company says Occidental, the oil giant that has tried to fashion itself as a climate tech leader, is being real clear now about capturing carbon dioxide emissions, which it sees as the next big thing for fossil fuel production. That shouldn’t be surprising coming from a p…",carbon removal next big fossil fuel boom oil company say occidental oil giant tried fashion climate tech leader real clear capturing carbon dioxide emission see next big thing fossil fuel production shouldnt surprising coming,1,Good News,0.5443733359250474
"{'id': 'the-verge', 'name': 'The Verge'}",Andrew Liszewski,The armless PP-1 turntable is made from a solid block of aluminum,"A Paris-based creative studio has announced a minimalist turntable with controls streamlined to just a play button and a volume knob. Waiting For Ideas’ PP-1 — short for Plug and Play — doesn’t even have a visible tonearm, and it’s made from a solid block of …",https://www.theverge.com/news/621863/waiting-for-ideas-pp-1-turntable-solid-aluminum-vinyl-record,https://platform.theverge.com/wp-content/uploads/sites/2/2025/02/pp1_turntable1.jpg?quality=90&strip=all&crop=0%2C10.740836125969%2C100%2C78.518327748063&w=1200,2025-02-28T20:30:58Z,"You can show off your vinyl on the PP-1 which doesn’t have a visible tonearm or stylus. | Image: Waiting For Ideas


A Paris-based creative studio has announced a minimalist turntable with controls … [+1855 chars]","The armless PP-1 turntable is made from a solid block of aluminum A Paris-based creative studio has announced a minimalist turntable with controls streamlined to just a play button and a volume knob. Waiting For Ideas’ PP-1 — short for Plug and Play — doesn’t even have a visible tonearm, and it’s made from a solid block of …",armless pp turntable made solid block aluminum parisbased creative studio announced minimalist turntable control streamlined play button volume knob waiting idea pp short plug play doesnt even visible tonearm made solid block,0,Bad News,0.607151419005362
"{'id': None, 'name': 'CNET'}",Alexandra Jones,"It Costs a Lot to Replace EV Batteries, but How Often Do You Need to?","Battery technology has made significant strides. With modern EV batteries now lasting over 100,000 miles, you might not feel the need to replace them.",https://www.cnet.com/home/electric-vehicles/it-costs-a-lot-replace-ev-batteries-but-how-often-do-you-need-to/,https://www.cnet.com/a/img/resize/651ecf22644d5d4248bb4ecec9e3446544cb2c08/hub/2023/03/06/db264935-bdc6-4d9f-bcef-560d33c1fcac/hyundai-kona-electric-732183.jpg?auto=webp&fit=crop&height=675&width=1200,2025-02-27T19:20:00Z,"Electric vehicles are becoming more affordable each year, with purchase prices now nearing those of gas-powered cars, as reported by the Washington Post.
However, the debate between EVs and internal… [+8330 chars]","It Costs a Lot to Replace EV Batteries, but How Often Do You Need to? Battery technology has made significant strides. With modern EV batteries now lasting over 100,000 miles, you might not feel the need to replace them.",cost lot replace ev battery often need battery technology made significant stride modern ev battery lasting mile might feel need replace,0,Bad News,0.778807414138637
"{'id': None, 'name': 'CNET'}",CNET BrandX for Sleep Number,Save Up to 50% on a Personalized Smart Bed from Sleep Number,"A good night's sleep is different for everyone, and Sleep Number's smart technology lets you and your partner optimize each side for your own comfort.",https://www.cnet.com/health/sleep/save-up-to-50-percent-on-a-personalized-smart-bed-from-sleep-number/,https://www.cnet.com/a/img/resize/28f855ca56240214f9a7f0da6c9cb40f741542d3/hub/2025/02/18/d776d661-9c35-48ad-97b1-2f38b1ce792d/sleep-number-ile-smart-bed.png?auto=webp&fit=crop&height=675&width=1200,2025-02-19T15:27:00Z,"Relationships are all about give and take, and even the perfect couple won't always agree on the perfect bed. 
Fortunately, you don't have to. Smart beds from Sleep Number are designed for couples a… [+2403 chars]","Save Up to 50% on a Personalized Smart Bed from Sleep Number A good night's sleep is different for everyone, and Sleep Number's smart technology lets you and your partner optimize each side for your own comfort.",save personalized smart bed sleep number good night sleep different everyone sleep number smart technology let partner optimize side comfort,1,Good News,0.5425557482265005
"{'id': 'business-insider', 'name': 'Business Insider'}",sperkel@insider.com (Sarah Perkel),The CEO of Anthropic thinks it may be impossible to warn people about the risks of AI — but he's still going to try,"Dario Amodei expects people to ""wake up"" to both the risks and rewards of the technology within the next two years.",https://www.businessinsider.com/anthropic-ceo-says-ai-risks-are-being-overlooked-2025-2,https://i.insider.com/67c21a6ab8b41a9673f95c0b?width=1200&format=jpeg,2025-03-01T11:19:02Z,"Anthropic CEO Dario Amodei said that people still aren't taking AI seriously enough but he expects that to change within the next two years.
""I think people will wake up to both the risks and the be… [+3636 chars]","The CEO of Anthropic thinks it may be impossible to warn people about the risks of AI — but he's still going to try Dario Amodei expects people to ""wake up"" to both the risks and rewards of the technology within the next two years.",ceo anthropic think may impossible warn people risk ai he still going try dario amodei expects people wake risk reward technology within next two year,0,Bad News,0.5933980437388856
"{'id': 'business-insider', 'name': 'Business Insider'}",Julia Hornstein,Kapta Space launches with $5 million in seed funding to build out its satellite radar technology,"Kapta Space plans to innovate space radar technology, enhancing precision and reducing imaging costs with electronically steerable antennas.",https://www.businessinsider.com/kapta-space-raises-seed-funding-satellite-radar-imaging-2025-2,https://i.insider.com/67b79fdceb4be2fff9a52c53?width=1200&format=jpeg,2025-02-21T17:00:01Z,"Kapta space cofounders, Adam Bily and Milton Perque.Kapta
<ul><li>Kapta Space secures $5 million in seed funding led by MetaVC Partners.</li><li>The startup develops electronically steerable, radar-… [+3534 chars]","Kapta Space launches with $5 million in seed funding to build out its satellite radar technology Kapta Space plans to innovate space radar technology, enhancing precision and reducing imaging costs with electronically steerable antennas.",kapta space launch million seed funding build satellite radar technology kapta space plan innovate space radar technology enhancing precision reducing imaging cost electronically steerable antenna,0,Bad News,0.6897953217318594
"{'id': 'business-insider', 'name': 'Business Insider'}",Katherine Tangalakis-Lippert,5 wild things quantum computing could unlock now that Big Tech believes a breakthrough is within reach,"Big Tech companies are heavily invested in quantum computing development. While unstable, the technology could change medicine and other fields.",https://www.businessinsider.com/quantum-computing-could-improve-medicine-climate-logistics-world-hunger-2025-3,https://i.insider.com/67cbb4d469253ccddf98b07b?width=1200&format=jpeg,2025-03-16T11:20:02Z,"Once fault-tolerant quantum computers are here, they stand to revolutionize medicine, privacy, and more.SAMEER AL-DOUMY/AFP via Getty Images
<ul><li>Big Tech companies are investing heavily in quant… [+6383 chars]","5 wild things quantum computing could unlock now that Big Tech believes a breakthrough is within reach Big Tech companies are heavily invested in quantum computing development. While unstable, the technology could change medicine and other fields.",wild thing quantum computing could unlock big tech belief breakthrough within reach big tech company heavily invested quantum computing development unstable technology could change medicine field,1,Good News,0.5142289062107289
"{'id': 'business-insider', 'name': 'Business Insider'}",Grace Kay,Tesla more than tripled the workers testing its self-driving technology in California,The increase in capability comes as Elon Musk's electric-vehicle maker aims to release its much-hyped Robotaxi in some cities by the end of 2025.,https://www.businessinsider.com/tesla-autonomous-driving-california-robotaxi-2025-3,https://i.insider.com/66b0fbcfb4912df3ae18ec38?width=1200&format=jpeg,2025-03-14T08:47:02Z,"Tesla registered over 220 test drivers and 100 vehicles for an autonomous driving permit in California.Justin Sullivan/Getty Images
<ul><li>Tesla registered over 220 test drivers and 100 vehicles fo… [+4877 chars]",Tesla more than tripled the workers testing its self-driving technology in California The increase in capability comes as Elon Musk's electric-vehicle maker aims to release its much-hyped Robotaxi in some cities by the end of 2025.,tesla tripled worker testing selfdriving technology california increase capability come elon musk electricvehicle maker aim release muchhyped robotaxi city end,0,Bad News,0.6480386614042172
"{'id': 'business-insider', 'name': 'Business Insider'}",Lloyd Lee,VCs have poured billions into a nascent nuclear technology — these are the 4 companies to watch,Just 4 small modular reactor companies have received $3B in VC funding. But leading experts tell BI it's unclear if SMRs will solve AI energy needs.,https://www.businessinsider.com/small-modular-reactor-venture-capital-ai-data-centers-2025-3,https://i.insider.com/67d0b804b8b41a9673fa58a3?width=1024&format=jpeg,2025-03-16T09:20:01Z,"The site of a small modular reactor in Changjiang Li Autonomous County, Hainan Province of China. The US does not have any operational SMRs.Luo Yunfei/China News Service/VCG via Getty Images
<ul><li… [+9260 chars]",VCs have poured billions into a nascent nuclear technology — these are the 4 companies to watch Just 4 small modular reactor companies have received $3B in VC funding. But leading experts tell BI it's unclear if SMRs will solve AI energy needs.,vcs poured billion nascent nuclear technology company watch small modular reactor company received vc funding leading expert tell bi unclear smrs solve ai energy need,0,Bad News,0.6618663993720522
"{'id': None, 'name': 'Gizmodo.com'}",Brittany Vincent,"Sony Ult Wear Noise Cancelling Headphones Are Now at a Steal for $148, Way Cheaper Than AirPods Max",Enjoy your favorite music in a whole new way with Sony thanks to this discount.,https://gizmodo.com/sony-ult-wear-noise-cancelling-headphones-are-now-at-a-steal-for-148-way-cheaper-than-airpods-max-2000576011,https://gizmodo.com/app/uploads/2025/03/sonyultwear.jpg,2025-03-14T15:25:52Z,"The pursuit of perfect audio has led many enthusiasts down an expensive path, but true immersive sound doesn’t always require breaking the bank. Sony’s Ult Wear Over-Ear Noise Cancelling Headphones r… [+2599 chars]","Sony Ult Wear Noise Cancelling Headphones Are Now at a Steal for $148, Way Cheaper Than AirPods Max Enjoy your favorite music in a whole new way with Sony thanks to this discount.",sony ult wear noise cancelling headphone steal way cheaper airpods max enjoy favorite music whole new way sony thanks discount,1,Good News,0.7587164511400403
"{'id': None, 'name': 'Gizmodo.com'}",Sherri L Smith,What to Expect at Nvidia GTC 2025,"Robots, quantum computing, and AI—so much AI. Nvidia GTC will be doing a deep dive into the future of AI, robotics and more.",https://gizmodo.com/what-to-expect-at-nvidia-gtc-2025-2000576285,https://gizmodo.com/app/uploads/2024/11/GettyImages-2183803143.jpg,2025-03-15T11:00:09Z,"Nvidias been on a roll this year, starting with the announcement and launch of its 5000 series GPUs. However, as the company’s annual GPU Technology Conference (GTC) starts next week, its clear that … [+2099 chars]","What to Expect at Nvidia GTC 2025 Robots, quantum computing, and AI—so much AI. Nvidia GTC will be doing a deep dive into the future of AI, robotics and more.",expect nvidia gtc robot quantum computing aiso much ai nvidia gtc deep dive future ai robotics,0,Bad News,0.6207966044439819
"{'id': None, 'name': 'Gizmodo.com'}",Brittany Vincent,"Forget JBL, This Anker Soundcore 2 Portable Speaker Drops to Just $28 for a Limited Time",This speaker has a lengthy battery life and everything you need to take the party wherever you go.,https://gizmodo.com/forget-jbl-this-anker-soundcore-2-portable-speaker-drops-to-just-28-for-a-limited-time-2000569042,https://gizmodo.com/app/uploads/2025/02/ansoundcore2.jpg,2025-02-27T17:15:02Z,"The Anker Soundcore 2 combines portability with impressive audio performance, offering a rugged, waterproof design that delivers rich sound wherever life takes you. This compact powerhouse features 1… [+2337 chars]","Forget JBL, This Anker Soundcore 2 Portable Speaker Drops to Just $28 for a Limited Time This speaker has a lengthy battery life and everything you need to take the party wherever you go.",forget jbl anker soundcore portable speaker drop limited time speaker lengthy battery life everything need take party wherever go,1,Good News,0.5362657402873094
"{'id': None, 'name': 'Yahoo Entertainment'}",,Shots fired at Thaddeus Stevens College of Technology in Lancaster,,https://consent.yahoo.com/v2/collectConsent?sessionId=1_cc-session_b40e2afe-655f-4d18-9fcb-8f31cdcddb23,,2025-02-24T00:31:15Z,"If you click 'Accept all', we and our partners, including 238 who are part of the IAB Transparency &amp; Consent Framework, will also store and/or access information on a device (in other words, use … [+702 chars]",Shots fired at Thaddeus Stevens College of Technology in Lancaster ,shot fired thaddeus stevens college technology lancaster,0,Bad News,0.7395275452727551
"{'id': None, 'name': 'Hackaday'}",Al Williams,Wire Recording Speaks Again,"If you think of old recording technology, you probably think of magnetic tape, either in some kind of cassette or, maybe, on reels. But there’s an even older technology that recorded voice on…",https://hackaday.com/2025/03/16/wire-recording-speaks-again/,https://hackaday.com/wp-content/uploads/2025/03/carlson1.png,2025-03-17T02:00:12Z,"If you think of old recording technology, you probably think of magnetic tape, either in some kind of cassette or, maybe, on reels. But there’s an even older technology that recorded voice on hair-th… [+1324 chars]","Wire Recording Speaks Again If you think of old recording technology, you probably think of magnetic tape, either in some kind of cassette or, maybe, on reels. But there’s an even older technology that recorded voice on…",wire recording speaks think old recording technology probably think magnetic tape either kind cassette maybe reel there even older technology recorded voice,0,Bad News,0.6525050388429006
"{'id': 'wired', 'name': 'Wired'}",Emily Mullin,Elon Musk’s Neuralink Files to Trademark ‘Telepathy’,"The brain implant company cofounded by Elon Musk is moving to trademark several product names, including Telepathy and Telekinesis.",https://www.wired.com/story/elon-musks-neuralink-files-trademark-telepathy/,"https://media.wired.com/photos/67cb2ff894310c43c2abbe97/191:100/w_1280,c_limit/Neuralink-Trademark-Applications-Science-1895290460.jpg",2025-03-07T22:17:18Z,"Elon Musks brain implant company, Neuralink, has filed applications with the United States Patent and Trademark Office (USPTO) to exclusively own the names Telepathy, Telekinesis, and others for futu… [+3022 chars]","Elon Musk’s Neuralink Files to Trademark ‘Telepathy’ The brain implant company cofounded by Elon Musk is moving to trademark several product names, including Telepathy and Telekinesis.",elon musk neuralink file trademark telepathy brain implant company cofounded elon musk moving trademark several product name including telepathy telekinesis,0,Bad News,0.5824317298015217
"{'id': 'business-insider', 'name': 'Business Insider'}",Sinéad Baker,The West is hastily taking notes from Ukraine and gearing up for future drone wars,"Russia and Ukraine are heavily using drones, with the tactics and technology rapidly evolving. NATO nations are taking note and action.",https://www.businessinsider.com/nato-countries-acting-how-drones-used-by-russia-ukraine-2025-2,https://i.insider.com/67b729e4eb4be2fff9a517b4?width=1200&format=jpeg,2025-02-22T09:05:01Z,"Ukraine and Russia are constantly trying to innovate on the battlefield to maintain an edge over each other, and drones are key.Wolfgang Schwan/Anadolu via Getty Images
<ul><li>Drones are big in the… [+5974 chars]","The West is hastily taking notes from Ukraine and gearing up for future drone wars Russia and Ukraine are heavily using drones, with the tactics and technology rapidly evolving. NATO nations are taking note and action.",west hastily taking note ukraine gearing future drone war russia ukraine heavily using drone tactic technology rapidly evolving nato nation taking note action,0,Bad News,0.6116997164283835
"{'id': 'business-insider', 'name': 'Business Insider'}",Taylor Rains,10 upgrades the FAA says it's making to flying safer,Transportation Secretary Sean Duffy listed things like using AI to comb through safety reports and replacing old floppy disks with modern technology.,https://www.businessinsider.com/faa-upgrades-air-safety-dc-crash-2025-3,https://i.insider.com/67d0b003b8b41a9673fa57e6?width=1200&format=jpeg,2025-03-11T22:01:15Z,"Becoming an air traffic controller is a long and difficult process, and the job is equally stressful. But it comes with good pay.Michael Dwyer/AP
<ul><li>The Department of Transportation announced a… [+4133 chars]",10 upgrades the FAA says it's making to flying safer Transportation Secretary Sean Duffy listed things like using AI to comb through safety reports and replacing old floppy disks with modern technology.,upgrade faa say making flying safer transportation secretary sean duffy listed thing like using ai comb safety report replacing old floppy disk modern technology,0,Bad News,0.6262753612602727
"{'id': 'business-insider', 'name': 'Business Insider'}",Hasan Chowdhury,New AI models are running on just one or two chips. Will they trigger another DeepSeek moment for Nvidia?,New AI models from the likes of Google are showing that the technology can be run with just one or two Nvidia chips.,https://www.businessinsider.com/google-gemma-cohere-nvidia-chips-efficient-deepseek-2025-3,https://i.insider.com/67d410f1b8b41a9673faa6a7?width=1200&format=jpeg,2025-03-14T13:05:27Z,"Nvidia lost close to $600 billion in value over fears that more efficient AI would mean lower demand for its chips. I-Hwa Cheng/AFP/Getty Images
<ul><li>New AI models are emerging that show they can… [+4792 chars]",New AI models are running on just one or two chips. Will they trigger another DeepSeek moment for Nvidia? New AI models from the likes of Google are showing that the technology can be run with just one or two Nvidia chips.,new ai model running one two chip trigger another deepseek moment nvidia new ai model like google showing technology run one two nvidia chip,0,Bad News,0.6003597673685958
"{'id': 'business-insider', 'name': 'Business Insider'}","Alex Bitter,Emma Cosgrove",Nvidia's partnership with Taco Bell means AI could soon do more than take your drive-thru order,"Nvidia and Yum! Brands, the owner of Taco Bell, have a strategic partnership for AI, meaning the technology could extend beyond drive-thru orders.",https://www.businessinsider.com/nvidia-taco-bell-yum-team-up-on-ai-ordering-2025-3,https://i.insider.com/67d347f0b8b41a9673fa9e42?width=1200&format=jpeg,2025-03-18T20:00:01Z,"Yum! has been testing AI at some Taco Bell and Pizza Hut.Ethan Miller/Getty Images
<ul><li>Taco Bell is using AI for drive-thru orders through a partnership with Nvidia.</li><li>Voice AI adoption is… [+3483 chars]","Nvidia's partnership with Taco Bell means AI could soon do more than take your drive-thru order Nvidia and Yum! Brands, the owner of Taco Bell, have a strategic partnership for AI, meaning the technology could extend beyond drive-thru orders.",nvidias partnership taco bell mean ai could soon take drivethru order nvidia yum brand owner taco bell strategic partnership ai meaning technology could extend beyond drivethru order,0,Bad News,0.6366603110670637
"{'id': None, 'name': 'Gizmodo.com'}","Jesse Coburn, ProPublica",U.S. Housing Agency Considers Launching Crypto Experiment,HUD is pondering using the blockchain and a stablecoin. One HUD official derided it as “monopoly money.”,https://gizmodo.com/u-s-housing-agency-considers-launching-crypto-experiment-2000573596,https://gizmodo.com/app/uploads/2025/03/GettyImages-2203279232.jpg,2025-03-09T17:50:56Z,ProPublica is a Pulitzer Prize-winning investigative newsroom. Sign up for The Big Story newsletter to receive stories like this one in your inbox.The U.S. Department of Housing and Urban Development… [+9853 chars],U.S. Housing Agency Considers Launching Crypto Experiment HUD is pondering using the blockchain and a stablecoin. One HUD official derided it as “monopoly money.”,housing agency considers launching crypto experiment hud pondering using blockchain stablecoin one hud official derided monopoly money,0,Bad News,0.6517466432410655
"{'id': None, 'name': 'VentureBeat'}",Dean Takahashi,Livewire launches Gamer.ID identity solution for brands and agencies to reach gamers,"Livewire, a game marketing startup, has launched Gamer.ID, a next-generation identity framework within its Gameview technology stack.",https://venturebeat.com/games/livewire-launches-gamer-id-identity-solution-for-brands-and-agencies-to-reach-gamers/,https://venturebeat.com/wp-content/uploads/2025/02/livewire.jpg?w=1024?w=1200&strip=all,2025-02-25T14:15:00Z,"Livewire, a game marketing startup, has launched Gamer.ID, a next-generation identity framework within its Gameview technology stack. 
Powered by Optables identity management and data collaboration … [+5905 chars]","Livewire launches Gamer.ID identity solution for brands and agencies to reach gamers Livewire, a game marketing startup, has launched Gamer.ID, a next-generation identity framework within its Gameview technology stack.",livewire launch gamerid identity solution brand agency reach gamers livewire game marketing startup launched gamerid nextgeneration identity framework within gameview technology stack,0,Bad News,0.5176486567170017
"{'id': 'the-verge', 'name': 'The Verge'}",Andrew J. Hawkins,GM taps Nvidia to boost its embattled self-driving projects,"At Nvidia’s annual GTC conference in San Jose, Calif. today, the chipmaker announced it was teaming up with General Motors to develop next-generation cars, robots, and factories.  GM says it will apply several of Nvidia’s products to its business, such as the…",https://www.theverge.com/news/631951/gm-nvidia-gtc-deal-cars-robots-factories,https://platform.theverge.com/wp-content/uploads/sites/2/2025/02/STK083_B_NVIDIA_C.jpg?quality=90&strip=all&crop=0%2C10.732984293194%2C100%2C78.534031413613&w=1200,2025-03-18T17:54:11Z,"The automaker will use the deep-pocketed tech giants chips and software to develop next-gen autonomous cars, robots, and manufacturing processes.
The automaker will use the deep-pocketed tech giants… [+3825 chars]","GM taps Nvidia to boost its embattled self-driving projects At Nvidia’s annual GTC conference in San Jose, Calif. today, the chipmaker announced it was teaming up with General Motors to develop next-generation cars, robots, and factories.  GM says it will apply several of Nvidia’s products to its business, such as the…",gm tap nvidia boost embattled selfdriving project nvidias annual gtc conference san jose calif today chipmaker announced teaming general motor develop nextgeneration car robot factory gm say apply several nvidias product business,0,Bad News,0.6787200861749322
"{'id': 'the-verge', 'name': 'The Verge'}",Andrew J. Hawkins,Volvo’s ES90 sedan will be built with a Nvidia supercomputer,"Volvo’s next electric vehicle, the ES90 midsized luxury sedan, sounds like its got some serious computing chops. The new EV will come with a dual Nvidia Drive AGX Orin configuration, making it the “most powerful car Volvo ever created in terms of core computi…",https://www.theverge.com/news/615869/volvo-es90-sedan-nvidia-drive-agx-orin,https://platform.theverge.com/wp-content/uploads/sites/2/2025/02/341170_Volvo_ES90_teaser_image.jpg?quality=90&strip=all&crop=0%2C15.095986038394%2C100%2C69.808027923211&w=1200,2025-02-19T21:24:22Z,"The ES90 will be based on Volvos Superset tech stack comprising all modules and functionalities that we will use in our future product line-up.
The ES90 will be based on Volvos Superset tech stack c… [+2654 chars]","Volvo’s ES90 sedan will be built with a Nvidia supercomputer Volvo’s next electric vehicle, the ES90 midsized luxury sedan, sounds like its got some serious computing chops. The new EV will come with a dual Nvidia Drive AGX Orin configuration, making it the “most powerful car Volvo ever created in terms of core computi…",volvos sedan built nvidia supercomputer volvos next electric vehicle midsized luxury sedan sound like got serious computing chop new ev come dual nvidia drive agx orin configuration making powerful car volvo ever created term core computi,1,Good News,0.5864395273320949
"{'id': None, 'name': 'Gizmodo.com'}",Brittany Vincent,Amazon Offers a Self-Heating Coffee Mug at an All-Time Low to Clear Out Stock,Your cup of Joe can remain eternally hot with this discounted Nextmug.,https://gizmodo.com/amazon-offers-a-self-heating-coffee-mug-at-an-all-time-low-to-clear-out-stock-2000572344,https://gizmodo.com/app/uploads/2025/03/nextmug.jpg,2025-03-06T21:20:26Z,"For coffee enthusiasts who’ve experienced the disappointment of a lukewarm brew, the Nextmug Temperature-Controlled Self-Heating Coffee Mug offers an elegant solution. This innovative mug, designed i… [+2854 chars]",Amazon Offers a Self-Heating Coffee Mug at an All-Time Low to Clear Out Stock Your cup of Joe can remain eternally hot with this discounted Nextmug.,amazon offer selfheating coffee mug alltime low clear stock cup joe remain eternally hot discounted nextmug,1,Good News,0.5571285653746224
"{'id': None, 'name': 'NPR'}",Becky Sullivan,Everything to know about the MLB's ball-strike challenge system at spring training,"This spring, MLB players can challenge ball and strike calls. The camera-based system is only an experiment for now — but it has the baseball world wondering where to draw the line with technology.",https://www.npr.org/2025/02/20/nx-s1-5304103/mlb-ball-strike-umpire-abs-challenge,https://npr.brightspotcdn.com/dims3/default/strip/false/crop/3600x2025+0+187/resize/1400/quality/100/format/jpeg/?url=http%3A%2F%2Fnpr-brightspot.s3.amazonaws.com%2F69%2Feb%2Fef962df042a2a8f1aab1d0473360%2Fap24153770667952.jpg,2025-02-20T20:10:10Z,"PHOENIX For more than 150 years, the game of baseball has relied on humans behind home plate to call balls and strikes.
This spring, for the first time in Major League history, players will be able … [+7824 chars]","Everything to know about the MLB's ball-strike challenge system at spring training This spring, MLB players can challenge ball and strike calls. The camera-based system is only an experiment for now — but it has the baseball world wondering where to draw the line with technology.",everything know mlbs ballstrike challenge system spring training spring mlb player challenge ball strike call camerabased system experiment baseball world wondering draw line technology,0,Bad News,0.5086916992060488
"{'id': None, 'name': 'BBC News'}",,Subsea fibre cables can 'listen out' for sabotage,"Ways are being developed for subsea cables to ""sense"" whether they are being disturbed or attacked.",https://www.bbc.com/news/articles/cn52rglxr62o,https://ichef.bbci.co.uk/news/1024/branded_news/127b/live/0ffa6830-eecd-11ef-bd1b-d536627785f2.jpg,2025-03-18T01:27:38Z,"Chris Baraniuk
Subsea cables are critical to the operation of the internet
The diver had found the fibre optic cable lying on the seabed of the North Sea. He swam closer, until it was near enough t… [+6780 chars]","Subsea fibre cables can 'listen out' for sabotage Ways are being developed for subsea cables to ""sense"" whether they are being disturbed or attacked.",subsea fibre cable listen sabotage way developed subsea cable sense whether disturbed attacked,0,Bad News,0.6940884509156797
"{'id': None, 'name': 'Slashdot.org'}",msmash,Sony Unveils RGB LED Backlight Tech That Outperforms Traditional Mini LED,"Sony has developed a new TV display technology combining individual red, green, and blue LEDs for backlighting, potentially offering a middle ground between existing Mini LED and OLED panels. Dubbed ""General RGB LED Backlight Technology,"" the system enables p…",https://entertainment.slashdot.org/story/25/03/19/0743248/sony-unveils-rgb-led-backlight-tech-that-outperforms-traditional-mini-led,https://a.fsdn.com/sd/topics/sony_64.png,2025-03-19T14:00:00Z,"Sony has developed a new TV display technology combining individual red, green, and blue LEDs for backlighting, potentially offering a middle ground between existing Mini LED and OLED panels. Dubbed … [+1065 chars]","Sony Unveils RGB LED Backlight Tech That Outperforms Traditional Mini LED Sony has developed a new TV display technology combining individual red, green, and blue LEDs for backlighting, potentially offering a middle ground between existing Mini LED and OLED panels. Dubbed ""General RGB LED Backlight Technology,"" the system enables p…",sony unveils rgb led backlight tech outperforms traditional mini led sony developed new tv display technology combining individual red green blue led backlighting potentially offering middle ground existing mini led oled panel dubbed general rgb led backlight technology system enables,0,Bad News,0.6461645542916599
"{'id': None, 'name': 'Gizmodo.com'}",Brittany Vincent,"Shark FlexStyle Styling System Hits a Record Low of $250, the Dyson Airwrap Alternative You Need","Why wait? Shark FlexStyle is at its best price ever, $350 cheaper than Dyson.",https://gizmodo.com/shark-flexstyle-styling-system-hits-a-record-low-of-250-the-dyson-airwrap-alternative-you-need-2000573444,https://gizmodo.com/app/uploads/2025/03/shrkflex.jpg,2025-03-10T15:15:52Z,"The Shark FlexStyle represents a revolutionary approach to hair styling, combining the versatility of a multi-styler with the power of a premium hair dryer. This innovative system transforms from a p… [+2669 chars]","Shark FlexStyle Styling System Hits a Record Low of $250, the Dyson Airwrap Alternative You Need Why wait? Shark FlexStyle is at its best price ever, $350 cheaper than Dyson.",shark flexstyle styling system hit record low dyson airwrap alternative need wait shark flexstyle best price ever cheaper dyson,1,Good News,0.7570122265876689
"{'id': None, 'name': 'Gizmodo.com'}",Justin Carter,Power Rangers May Get an AI-Boosted Remaster,"As Hasbro tries to figure out what to do with Power Rangers, the show's older seasons may get upscaled with some help from generative AI.",https://gizmodo.com/power-rangers-may-get-an-ai-boosted-remaster-2000570522,https://gizmodo.com/app/uploads/2025/01/mighty-morphin-power-rangers-zack-jason.jpg,2025-03-02T15:30:39Z,"As the world waits to see what’s next for Power Rangers, the superhero franchise may return to its past with the help of generative AI.
During this weekend’s New York Toy Fair, attendees learned Pla… [+2001 chars]","Power Rangers May Get an AI-Boosted Remaster As Hasbro tries to figure out what to do with Power Rangers, the show's older seasons may get upscaled with some help from generative AI.",power ranger may get aiboosted remaster hasbro try figure power ranger show older season may get upscaled help generative ai,0,Bad News,0.596956242464959
"{'id': None, 'name': 'Gizmodo.com'}",Brittany Vincent,"The Dyson Hot and Cool Purifier Drops to Its Lowest Price, Save $130 on Year-Round Air Treatment",Meet all your heating and cooling needs with a single appliance – and save some big cash while you're at it.,https://gizmodo.com/the-dyson-hot-and-cool-purifier-drops-to-its-lowest-price-save-130-on-year-round-air-treatment-2000575942,https://gizmodo.com/app/uploads/2025/03/dysonhotcool.jpg,2025-03-14T14:15:41Z,"Looking for a single solution to your year-round air quality and temperature needs? The Dyson Purifier Hot + Cool Gen 1 stands as one of the most versatile home appliances on the market, combining po… [+2772 chars]","The Dyson Hot and Cool Purifier Drops to Its Lowest Price, Save $130 on Year-Round Air Treatment Meet all your heating and cooling needs with a single appliance – and save some big cash while you're at it.",dyson hot cool purifier drop lowest price save yearround air treatment meet heating cooling need single appliance save big cash youre,1,Good News,0.6790700590197186
"{'id': None, 'name': 'Gizmodo.com'}",Brittany Vincent,"Theater-Like Audio for Just $100, Amazon Fire TV Soundbar Makes It Possible",It fits right into your Amazon Fire ecosystem and it connects quickly and seamlessly.,https://gizmodo.com/theater-like-audio-for-just-100-amazon-fire-tv-soundbar-makes-it-possible-2000572335,https://gizmodo.com/app/uploads/2025/03/firetvsoundbar.jpg,2025-03-06T16:10:19Z,Looking to upgrade your TV’s audio without breaking the bank? Amazon’s Fire TV Soundbar offers a compelling solution for anyone seeking better sound quality than their TV’s built-in speakers can prov… [+2529 chars],"Theater-Like Audio for Just $100, Amazon Fire TV Soundbar Makes It Possible It fits right into your Amazon Fire ecosystem and it connects quickly and seamlessly.",theaterlike audio amazon fire tv soundbar make possible fit right amazon fire ecosystem connects quickly seamlessly,0,Bad News,0.7483144673111726
"{'id': None, 'name': 'Gizmodo.com'}",Germain Lussier,"Marvel at the Ships, Suits, and Tech of Bong Joon-ho’s Mickey 17",io9 has exclusive pages from the making-of book for Robert Pattinson's new sci-fi movie.,https://gizmodo.com/mickey-17-bong-joon-ho-art-book-making-of-robert-pattinson-2000565259,https://gizmodo.com/app/uploads/2025/02/Mickey-17-book-exclusive.jpg,2025-02-19T18:15:53Z,"So how, exactly, do you make a new human? No, sicko. We don’t mean that. We mean in the context of Bong Joon-ho’s latest, Mickey 17. In the film, Robert Pattinson plays Mickey, a human “expendable” w… [+1928 chars]","Marvel at the Ships, Suits, and Tech of Bong Joon-ho’s Mickey 17 io9 has exclusive pages from the making-of book for Robert Pattinson's new sci-fi movie.",marvel ship suit tech bong joonhos mickey io exclusive page makingof book robert pattinsons new scifi movie,1,Good News,0.5812335388711038
"{'id': None, 'name': 'Gizmodo.com'}",Brittany Vincent,Samsung Galaxy S25 Ultra Price Drop Makes It Cheaper Than a Galaxy Watch Ultra With Huge Trade-In Savings,"Save up to $1,200+ on Samsung Galaxy s25 Ultra. Get up to $900 instant trade-in credit and up to $300 Samsung credits.",https://gizmodo.com/samsung-galaxy-s25-ultra-price-drop-makes-it-cheaper-than-a-galaxy-watch-ultra-with-huge-trade-in-savings-2000568084,https://gizmodo.com/app/uploads/2025/01/s25ultra-1.jpg,2025-02-26T12:50:01Z,"Samsung’s Galaxy S25 Ultra represents the pinnacle of smartphone technology, pushing boundaries with its premium design, cutting-edge camera system, and powerful performance capabilities. As the late… [+2494 chars]","Samsung Galaxy S25 Ultra Price Drop Makes It Cheaper Than a Galaxy Watch Ultra With Huge Trade-In Savings Save up to $1,200+ on Samsung Galaxy s25 Ultra. Get up to $900 instant trade-in credit and up to $300 Samsung credits.",samsung galaxy ultra price drop make cheaper galaxy watch ultra huge tradein saving save samsung galaxy ultra get instant tradein credit samsung credit,0,Bad News,0.5233655944646682
"{'id': None, 'name': 'Gizmodo.com'}",Brittany Vincent,"Apple Watch Series 10 Just Hit Its Lowest Price Since Launch, $100 Off on Amazon for a Limited Time","It's time for a smartwatch upgrade, and these major Apple Watch savings are well worth your time.",https://gizmodo.com/apple-watch-series-10-just-hit-its-lowest-price-since-launch-100-off-on-amazon-for-a-limited-time-2000573441,https://gizmodo.com/app/uploads/2025/03/apwatch10.jpg,2025-03-10T12:40:50Z,"The Apple Watch Series 10 represents the pinnacle of wearable technology, combining advanced health monitoring, fitness tracking, and smart features in a sleeker, more refined design. With a larger d… [+2647 chars]","Apple Watch Series 10 Just Hit Its Lowest Price Since Launch, $100 Off on Amazon for a Limited Time It's time for a smartwatch upgrade, and these major Apple Watch savings are well worth your time.",apple watch series hit lowest price since launch amazon limited time time smartwatch upgrade major apple watch saving well worth time,0,Bad News,0.5279401117139882
"{'id': None, 'name': 'Gizmodo.com'}",Sherri L Smith,Bless the Modder Who Is Fixing AMD’s Newest GPUs,Modders FTW! Modder HighYield shows off free app that brings AMD's FSR 4 tech to more games.,https://gizmodo.com/bless-the-modder-who-is-fixing-amds-newest-gpus-2000576983,https://gizmodo.com/app/uploads/2025/03/optiscaler-mod-amd-fsr-4.jpg,2025-03-17T20:12:31Z,"You save up your hard-earned money to invest in a new graphics card for your PC, snagged your new prized possession, and life is good. Youre gaming with smooth renders, negligible latency, and bliste… [+2297 chars]",Bless the Modder Who Is Fixing AMD’s Newest GPUs Modders FTW! Modder HighYield shows off free app that brings AMD's FSR 4 tech to more games.,bless modder fixing amd newest gpus modders ftw modder highyield show free app brings amd fsr tech game,1,Good News,0.5548070227676253
"{'id': None, 'name': 'Seths.blog'}",Seth Godin,Bad design might simply be obsolete design,"Perhaps you’ve encountered a sink with two taps, not one. One for hot, one for cold, without a chance to mix them before you scald or chill yourself. It seems absurd that the folks who figured out the technology to build sinks with running water couldn’t be b…",https://seths.blog/2025/03/bad-design-might-simply-be-obsolete-design/,https://seths.blog/wp-content/uploads/2018/06/seth_godin_ogimages_v02_1806132-1.jpg,2025-03-15T09:03:00Z,"Perhaps you’ve encountered a sink with two taps, not one. One for hot, one for cold, without a chance to mix them before you scald or chill yourself.
It seems absurd that the folks who figured out t… [+664 chars]","Bad design might simply be obsolete design Perhaps you’ve encountered a sink with two taps, not one. One for hot, one for cold, without a chance to mix them before you scald or chill yourself. It seems absurd that the folks who figured out the technology to build sinks with running water couldn’t be b…",bad design might simply obsolete design perhaps youve encountered sink two tap one one hot one cold without chance mix scald chill seems absurd folk figured technology build sink running water couldnt,0,Bad News,0.7697752290941968
"{'id': 'the-verge', 'name': 'The Verge'}",Emma Roth,TSMC announces $100 billion investment in US chipmaking,"Taiwan Semiconductor Manufacturing Co. – the world’s biggest chipmaker – will invest at least $100 billion to expand chip manufacturing in the US. During a press conference on Monday, President Donald Trump said the funding would go toward building two additi…",https://www.theverge.com/news/623335/tsmc-chip-factories-100-billion-trump,https://platform.theverge.com/wp-content/uploads/sites/2/2025/03/acastro_210430_1777_semiCon_0001.jpg?quality=90&strip=all&crop=0%2C10.732984293194%2C100%2C78.534031413613&w=1200,2025-03-03T21:23:11Z,"TSMC will build two new chip factories in addition to the three it announced previously.
TSMC will build two new chip factories in addition to the three it announced previously.
Taiwan Semiconducto… [+1731 chars]","TSMC announces $100 billion investment in US chipmaking Taiwan Semiconductor Manufacturing Co. – the world’s biggest chipmaker – will invest at least $100 billion to expand chip manufacturing in the US. During a press conference on Monday, President Donald Trump said the funding would go toward building two additi…",tsmc announces billion investment chipmaking taiwan semiconductor manufacturing co world biggest chipmaker invest least billion expand chip manufacturing press conference monday president donald trump said funding would go toward building two additi,0,Bad News,0.6227262238313342
"{'id': 'the-verge', 'name': 'The Verge'}",David Pierce,The high stakes for AI Alexa,"Amazon has been trying to make virtual assistants happen for more than a decade. Alexa is, by many definitions, wildly successful, but it has so far failed to become the kind of omnipresent, omnipotent helper the company imagines. (It has also, by all account…",https://www.theverge.com/the-vergecast/621514/alexa-plus-amazon-ai-vergecast,https://platform.theverge.com/wp-content/uploads/sites/2/2025/02/VST_0228_Site.jpg?quality=90&strip=all&crop=0%2C10.732984293194%2C100%2C78.534031413613&w=1200,2025-02-28T14:30:37Z,"On The Vergecast: Alexa Plus, the Sigma BF, and YouTube podcasts.
On The Vergecast: Alexa Plus, the Sigma BF, and YouTube podcasts.
Amazon has been trying to make virtual assistants happen for more… [+1646 chars]","The high stakes for AI Alexa Amazon has been trying to make virtual assistants happen for more than a decade. Alexa is, by many definitions, wildly successful, but it has so far failed to become the kind of omnipresent, omnipotent helper the company imagines. (It has also, by all account…",high stake ai alexa amazon trying make virtual assistant happen decade alexa many definition wildly successful far failed become kind omnipresent omnipotent helper company imago also account,0,Bad News,0.6808056564468843
"{'id': 'the-verge', 'name': 'The Verge'}",Lauren Feiner,Democratic FCC Commissioner Geoffrey Starks will resign this spring,"Federal Communications Commission Chair Brendan Carr could get a Republican majority slightly sooner than expected after Democratic Commissioner Geoffrey Starks announced Tuesday he plans to resign this spring. Starks announced his plans in a statement, but d…",https://www.theverge.com/news/631833/democratic-fcc-commissioner-geoffrey-starks-resigns,https://platform.theverge.com/wp-content/uploads/sites/2/2025/03/gettyimages-1192126914.jpg?quality=90&strip=all&crop=0%2C10.732984293194%2C100%2C78.534031413613&w=1200,2025-03-18T18:30:11Z,"WASHINGTON, DC – DECEMBER 05: Federal Communication Commission Commissioner Geoffrey Starks testifies before the House Energy and Commerce Committee’s Communications and Technology Subcommittee in th… [+1942 chars]","Democratic FCC Commissioner Geoffrey Starks will resign this spring Federal Communications Commission Chair Brendan Carr could get a Republican majority slightly sooner than expected after Democratic Commissioner Geoffrey Starks announced Tuesday he plans to resign this spring. Starks announced his plans in a statement, but d…",democratic fcc commissioner geoffrey starks resign spring federal communication commission chair brendan carr could get republican majority slightly sooner expected democratic commissioner geoffrey starks announced tuesday plan resign spring starks announced plan statement,0,Bad News,0.6551658003202441
"{'id': None, 'name': 'Interesting Engineering'}",Chris Young,China claims its stealth drones fly 3x longer using 50% less energy than US rivals,"China's next-generation drone technology allegedly lasts three times as long as the US equivalent, while using half the energy.",https://interestingengineering.com/innovation/china-stealth-drones-ahead-of-darpas,https://media.zenfs.com/en/interesting_engineering_646/d513ed9a672f643635aac864c611a939,2025-03-18T14:49:58Z,"China has allegedly taken over the US in the development of a state-of-the-art new stealth aircraft, a report from the South China Morning Post (SCMP) reveals.
Newly published research shows that Be… [+3011 chars]","China claims its stealth drones fly 3x longer using 50% less energy than US rivals China's next-generation drone technology allegedly lasts three times as long as the US equivalent, while using half the energy.",china claim stealth drone fly longer using less energy rival china nextgeneration drone technology allegedly last three time long equivalent using half energy,0,Bad News,0.6227765113013768
"{'id': None, 'name': 'Yahoo Entertainment'}",,Energy firm sets world record with 'champion cell' technology: 'This result is laying the groundwork',,https://consent.yahoo.com/v2/collectConsent?sessionId=1_cc-session_16c0dd5c-9c5e-4916-bb09-ce68bad42b68,,2025-03-10T10:45:13Z,"If you click 'Accept all', we and our partners, including 238 who are part of the IAB Transparency &amp; Consent Framework, will also store and/or access information on a device (in other words, use … [+702 chars]",Energy firm sets world record with 'champion cell' technology: 'This result is laying the groundwork' ,energy firm set world record champion cell technology result laying groundwork,0,Bad News,0.5142060520003824
"{'id': None, 'name': 'Yahoo Entertainment'}",,"Hometown CEO Nick Mirisis on Building the Kind of Technology School Administrators, Athletic Directors Actually Need",,https://consent.yahoo.com/v2/collectConsent?sessionId=1_cc-session_58920f00-9cc3-405c-ae6a-0ddc0f2cc5a1,,2025-03-17T12:03:29Z,"If you click 'Accept all', we and our partners, including 238 who are part of the IAB Transparency &amp; Consent Framework, will also store and/or access information on a device (in other words, use … [+702 chars]","Hometown CEO Nick Mirisis on Building the Kind of Technology School Administrators, Athletic Directors Actually Need ",hometown ceo nick mirisis building kind technology school administrator athletic director actually need,0,Bad News,0.6218624122775317
"{'id': None, 'name': 'Yahoo Entertainment'}",,IBM wins UK lawsuit against LzLabs over alleged theft of mainframe technology,,https://consent.yahoo.com/v2/collectConsent?sessionId=1_cc-session_3c41933e-98dc-40a9-bb32-7ca63680dbcb,,2025-03-10T11:48:08Z,"If you click 'Accept all', we and our partners, including 238 who are part of the IAB Transparency &amp; Consent Framework, will also store and/or access information on a device (in other words, use … [+702 chars]",IBM wins UK lawsuit against LzLabs over alleged theft of mainframe technology ,ibm win uk lawsuit lzlabs alleged theft mainframe technology,1,Good News,0.725313846367334
"{'id': None, 'name': 'Yahoo Entertainment'}",,EchoStar Corporation (SATS): Among the Technology Stocks with Insider Buying in 2024,,https://consent.yahoo.com/v2/collectConsent?sessionId=1_cc-session_f303b1d1-b06b-4a34-b782-c1681622391b,,2025-02-24T16:00:17Z,"If you click 'Accept all', we and our partners, including 238 who are part of the IAB Transparency &amp; Consent Framework, will also store and/or access information on a device (in other words, use … [+702 chars]",EchoStar Corporation (SATS): Among the Technology Stocks with Insider Buying in 2024 ,echostar corporation sat among technology stock insider buying,0,Bad News,0.5281591003920656
"{'id': 'the-verge', 'name': 'The Verge'}",Abigail Bassett,Mercedes-Benz is hedging its bets with rebooted CLA sedan,"Mercedes-Benz’s electric vehicles aren’t exactly selling like hotcakes. The EQS, EQE, and EQB have largely flopped, forcing the company to make significant changes to its electrification plans.   While the automaker has scaled back its ambitions, it’s not aba…",https://www.theverge.com/news/628464/mercedes-benz-cla-ev-hybrid-mma-platform,https://platform.theverge.com/wp-content/uploads/sites/2/2025/03/25C0035_003.jpg?quality=90&strip=all&crop=0%2C10.729026323664%2C100%2C78.541947352673&w=1200,2025-03-13T16:27:04Z,"The automaker plans to offer electric, hybrid, and gas versions of the upcoming model all built on the new MMA platform.
The automaker plans to offer electric, hybrid, and gas versions of the upcomi… [+6722 chars]","Mercedes-Benz is hedging its bets with rebooted CLA sedan Mercedes-Benz’s electric vehicles aren’t exactly selling like hotcakes. The EQS, EQE, and EQB have largely flopped, forcing the company to make significant changes to its electrification plans.   While the automaker has scaled back its ambitions, it’s not aba…",mercedesbenz hedging bet rebooted cla sedan mercedesbenzs electric vehicle arent exactly selling like hotcake eq eqe eqb largely flopped forcing company make significant change electrification plan automaker scaled back ambition aba,0,Bad News,0.7210924456638365
"{'id': 'the-verge', 'name': 'The Verge'}",David Pierce,The Humane AI Pin never had a chance,"Ten days from now, the Humane AI Pin will be able to tell you how much battery it has left, and essentially nothing else. To be fair, though, it couldnât do that much before. And it doesnât matter anyway, because you almost certainly didnât buy one. But…",https://www.theverge.com/gadgets/615135/humane-ai-pin-shutdown-disaster,https://platform.theverge.com/wp-content/uploads/sites/2/chorus/uploads/chorus_asset/file/25379325/247075_Humane_AI_pin_AKrales_0144.jpg?quality=90&strip=all&crop=0%2C10.732984293194%2C100%2C78.534031413613&w=1200,2025-02-19T13:35:57Z,"The Humane AI Pin never had a chance
Theres an AI revolution happening, but this much-hyped gadget wont be part of it. Theres no one to blame but Humane.
The Humane AI Pin never had a chance
There… [+6053 chars]","The Humane AI Pin never had a chance Ten days from now, the Humane AI Pin will be able to tell you how much battery it has left, and essentially nothing else. To be fair, though, it couldnât do that much before. And it doesnât matter anyway, because you almost certainly didnât buy one. But…",humane ai pin never chance ten day humane ai pin able tell much battery left essentially nothing else fair though couldnat much doesnat matter anyway almost certainly didnat buy one,0,Bad News,0.6828261408258851
"{'id': 'wired', 'name': 'Wired'}",João Medeiros,"Want to Live Longer, Healthier, and Happier? Then Cultivate Your Social Connections","Chronic loneliness can increase cortisol and inflammation and weaken your immune system, says social scientist Kasley Killiam. She argues it’s time to accept that good quality social connections are a fundamental human need.",https://www.wired.com/story/want-to-live-longer-healthier-and-happier-cultivate-your-social-connections-wired-health-kasley-killam/,"https://media.wired.com/photos/67c9b4e73d233501b18c74a2/191:100/w_1280,c_limit/WH2C0055.jpg",2025-03-07T10:00:00Z,"Social scientist Kasley Killam has always been fascinated by the science of human connection. In college, for instance, she once decided to conduct a personal experiment and perform an act of kindnes… [+3758 chars]","Want to Live Longer, Healthier, and Happier? Then Cultivate Your Social Connections Chronic loneliness can increase cortisol and inflammation and weaken your immune system, says social scientist Kasley Killiam. She argues it’s time to accept that good quality social connections are a fundamental human need.",want live longer healthier happier cultivate social connection chronic loneliness increase cortisol inflammation weaken immune system say social scientist kasley killiam argues time accept good quality social connection fundamental human need,1,Good News,0.5658577202600167
"{'id': None, 'name': 'Hackaday'}",Bryan Cockfield,Import GPU: Python Programming with CUDA,"Every few years or so, a development in computing results in a sea change and a need for specialized workers to take advantage of the new technology. Whether that’s COBOL in the 60s and 70s, …",https://hackaday.com/2025/02/25/import-gpu-python-programming-with-cuda/,https://hackaday.com/wp-content/uploads/2025/02/gpu-main.png,2025-02-26T03:00:30Z,"Every few years or so, a development in computing results in a sea change and a need for specialized workers to take advantage of the new technology. Whether that’s COBOL in the 60s and 70s, HTML in … [+1887 chars]","Import GPU: Python Programming with CUDA Every few years or so, a development in computing results in a sea change and a need for specialized workers to take advantage of the new technology. Whether that’s COBOL in the 60s and 70s, …",import gpu python programming cuda every year development computing result sea change need specialized worker take advantage new technology whether thats cobol,0,Bad News,0.5826991550168541
"{'id': None, 'name': 'BBC News'}",,Prince William to visit British troops in Estonia,"He will learn more about how British troops are bolstering Nato's eastern flank, the palace said.",https://www.bbc.com/news/articles/clyz3d514w0o,https://ichef.bbci.co.uk/news/1024/branded_news/ebdf/live/7a5fa4a0-ff36-11ef-a8b1-950887ddc6e5.jpg,2025-03-12T12:03:30Z,"The Prince of Wales will make his first visit to Estonia at the end of next week to meet British troops providing a deterrent to Russian aggression in the region.
Prince William will travel in his r… [+497 chars]","Prince William to visit British troops in Estonia He will learn more about how British troops are bolstering Nato's eastern flank, the palace said.",prince william visit british troop estonia learn british troop bolstering nato eastern flank palace said,0,Bad News,0.6251016801280518
"{'id': 'time', 'name': 'Time'}",Andrew R. Chow,Why Grimes No Longer Believes That Art Is Dead,"While many other artists are terrified of AI and its potential to replace them, Grimes has embraced the technology.",https://time.com/7212502/grimes-ai-art-interview/,https://api.time.com/wp-content/uploads/2025/02/ai-impact-grimes.jpg?quality=85&crop=0px%2C47px%2C2400px%2C1256px&resize=1200%2C628&strip,2025-02-24T22:17:00Z,"A couple of years ago, Grimes thought art might be dying. She worried that TikTok was overwhelming attention spans; that transgressive artists were becoming more sanitized; that gimmicky NFTs like th… [+25299 chars]","Why Grimes No Longer Believes That Art Is Dead While many other artists are terrified of AI and its potential to replace them, Grimes has embraced the technology.",grime longer belief art dead many artist terrified ai potential replace grime embraced technology,0,Bad News,0.7786708839302943
"{'id': None, 'name': 'VentureBeat'}",Michael Nuñez,Patronus AI’s Judge-Image wants to keep AI honest — and Etsy is already using it,"Patronus AI launches the first multimodal LLM-as-a-Judge for evaluating AI systems that process images, with Etsy already implementing the technology to validate product image captions across its marketplace.",https://venturebeat.com/ai/patronus-ais-judge-image-wants-to-keep-ai-honest-and-etsy-is-already-using-it/,https://venturebeat.com/wp-content/uploads/2025/03/nuneybits_Vector_art_of_a_robot_in_a_judges_clothes_courtoom_ga_dfb49cec-3315-4e40-9b41-17080d5fe70d.webp?w=1024?w=1200&strip=all,2025-03-13T16:00:00Z,"Join our daily and weekly newsletters for the latest updates and exclusive content on industry-leading AI coverage. Learn More
Patronus AI announced today the launch of what it calls the industrys f… [+6223 chars]","Patronus AI’s Judge-Image wants to keep AI honest — and Etsy is already using it Patronus AI launches the first multimodal LLM-as-a-Judge for evaluating AI systems that process images, with Etsy already implementing the technology to validate product image captions across its marketplace.",patronus ai judgeimage want keep ai honest etsy already using patronus ai launch first multimodal llmasajudge evaluating ai system process image etsy already implementing technology validate product image caption across marketplace,0,Bad News,0.6099757916949557
"{'id': None, 'name': 'CNET'}",Omar Gallaga,China's BYD Claims 5-Minute EV Battery Charge Gives 250 Miles of Range,An apparent battery breakthrough could be good news for the EV industry from a Chinese company that previously pledged to work with Tesla.,https://www.cnet.com/home/electric-vehicles/chinas-byd-claims-5-minute-ev-battery-charging-gives-250-miles-of-range/,https://www.cnet.com/a/img/resize/f183835b97e257af64efb187474d782c5614fac4/hub/2025/03/18/448efd44-d3c0-426b-aad7-314fca5b446f/gettyimages-2153819146.jpg?auto=webp&fit=crop&height=675&width=1200,2025-03-18T15:03:00Z,"Chinese auto manufacturer BYD says it has developed technology that speeds up electric vehicle battery charging to as little as five minutes at 1,000 kilowatts, providing enough energy for nearly 250… [+684 chars]",China's BYD Claims 5-Minute EV Battery Charge Gives 250 Miles of Range An apparent battery breakthrough could be good news for the EV industry from a Chinese company that previously pledged to work with Tesla.,china byd claim minute ev battery charge give mile range apparent battery breakthrough could good news ev industry chinese company previously pledged work tesla,1,Good News,0.5975331026076379
"{'id': 'wired', 'name': 'Wired'}",Lily Hay Newman,A Team of Female Founders Is Launching Cloud Security Tech That Could Overhaul AI Protection,"Cloud “container” defenses have inconsistencies that can give attackers too much access. A new company, Edera, is taking on that challenge and the problem of the male-dominated startup world.",https://www.wired.com/story/edera-cloud-tech-security/,"https://media.wired.com/photos/67bde7d3ee6254fbc47f5203/191:100/w_1280,c_limit/cloud-security-1834994607.jpg",2025-02-25T19:43:33Z,"While working on internet-of-things security in the mid-2010s, Alex Zenla realized something troubling.
Unlike PCs and servers that touted the latest, greatest processors, the puny chips in IoT devi… [+3929 chars]","A Team of Female Founders Is Launching Cloud Security Tech That Could Overhaul AI Protection Cloud “container” defenses have inconsistencies that can give attackers too much access. A new company, Edera, is taking on that challenge and the problem of the male-dominated startup world.",team female founder launching cloud security tech could overhaul ai protection cloud container defense inconsistency give attacker much access new company edera taking challenge problem maledominated startup world,1,Good News,0.6046867367147798
"{'id': 'wired', 'name': 'Wired'}","Simon Hill, Julian Chokkattu",The Weird and Wacky Gadgets We Saw at MWC 2025,"Look past the glitzy phone launches, and you'll find some truly bizarre, sometimes ingenious devices and concepts lurking in the halls of Mobile World Congress.",https://www.wired.com/story/weird-and-wacky-gadgets-at-mwc-2025/,"https://media.wired.com/photos/67c864cc7a63830fbeaa225c/191:100/w_1280,c_limit/Gadgets%20at%20MWC%2025%20Reviewer%20Collage%20032025%20SOURCE%20Simon%20Hill%20(2).jpg",2025-03-05T18:51:14Z,"Infinix says the case stores up to 2 watts of this energy and transfers it to the phone when needed. The company also claims the case employs its Sunflower wireless charging technology, inspired by p… [+5347 chars]","The Weird and Wacky Gadgets We Saw at MWC 2025 Look past the glitzy phone launches, and you'll find some truly bizarre, sometimes ingenious devices and concepts lurking in the halls of Mobile World Congress.",weird wacky gadget saw mwc look past glitzy phone launch youll find truly bizarre sometimes ingenious device concept lurking hall mobile world congress,0,Bad News,0.5413940928244534
"{'id': None, 'name': 'Gizmodo.com'}",Ed Cara,A Protein Borrowed From Tardigrades Could Give Us Radiation Body Armor,Experimental research by MIT scientists and others might someday lead to less painful cancer treatment.,https://gizmodo.com/a-protein-borrowed-from-tardigrades-could-give-us-radiation-body-armor-2000569388,https://gizmodo.com/app/uploads/2025/02/tardigrade.jpg,2025-02-27T21:40:20Z,"The strangely adorable and resilient tardigrade, or water bear, just might hold the key to making cancer treatment a lot more (water-) bearable. That’s because a team of researchers just found eviden… [+3549 chars]",A Protein Borrowed From Tardigrades Could Give Us Radiation Body Armor Experimental research by MIT scientists and others might someday lead to less painful cancer treatment.,protein borrowed tardigrade could give radiation body armor experimental research mit scientist others might someday lead less painful cancer treatment,1,Good News,0.5101930373927074
"{'id': None, 'name': 'Hackaday'}",Navarre Bartz,Hackable Cities,There are many ways to hack the world. Graduate students at Parsons The New School for Design developed a guide for hacking the biggest piece of technology humans have developed – the city. O…,https://hackaday.com/2025/02/24/hackable-cities/,https://hackaday.com/wp-content/uploads/2025/02/Screenshot-2025-02-24-at-3.17.18 PM.png,2025-02-25T03:00:34Z,"There are many ways to hack the world. Graduate students at Parsons The New School for Design developed a guide for hacking the biggest piece of technology humans have developed – the city.
One of t… [+1071 chars]",Hackable Cities There are many ways to hack the world. Graduate students at Parsons The New School for Design developed a guide for hacking the biggest piece of technology humans have developed – the city. O…,hackable city many way hack world graduate student parson new school design developed guide hacking biggest piece technology human developed city,1,Good News,0.6020119368876482
"{'id': None, 'name': 'Hackaday'}",Tom Nardi,Cyanotype Prints on a Resin 3D Printer,"Not that it’s the kind of thing that pops into your head often, but if you ever do think of a cyanotype print, it probably doesn’t conjure up thoughts of modern technology. For good rea…",https://hackaday.com/2025/02/22/cyanotype-prints-on-a-resin-3d-printer/,https://hackaday.com/wp-content/uploads/2025/02/cyanoresin_feat.jpg,2025-02-23T03:00:57Z,"Not that it’s the kind of thing that pops into your head often, but if you ever do think of a cyanotype print, it probably doesn’t conjure up thoughts of modern technology. For good reason — the mono… [+1508 chars]","Cyanotype Prints on a Resin 3D Printer Not that it’s the kind of thing that pops into your head often, but if you ever do think of a cyanotype print, it probably doesn’t conjure up thoughts of modern technology. For good rea…",cyanotype print resin printer kind thing pop head often ever think cyanotype print probably doesnt conjure thought modern technology good rea,1,Good News,0.5539733322768985
